{
  "seasonal_mean": {
    "val": {
      "R2": -0.1794335726800489,
      "MAE": 0.017168451608300134,
      "RMSE": 0.022050631034362635,
      "n": 138
    },
    "test": {
      "R2": -0.04737520763661873,
      "MAE": 0.028902909575056396,
      "RMSE": 0.04197965865877016,
      "n": 138
    }
  },
  "last_month_persistence": {
    "val": {
      "R2": 0.681765282854274,
      "MAE": 0.00366556016150189,
      "RMSE": 0.011489643032180492,
      "n": 137
    },
    "test": {
      "R2": 0.6948241055540305,
      "MAE": 0.007427276446963931,
      "RMSE": 0.022607685092292242,
      "n": 137
    }
  }
}